id,name,uom_type_id:id
square-inamazon_ept_AreaUnitOfMeasure,square-in,amazon_ept.AreaUnitOfMeasure
square-ftamazon_ept_AreaUnitOfMeasure,square-ft,amazon_ept.AreaUnitOfMeasure
square-cmamazon_ept_AreaUnitOfMeasure,square-cm,amazon_ept.AreaUnitOfMeasure
square-mamazon_ept_AreaUnitOfMeasure,square-m,amazon_ept.AreaUnitOfMeasure
cubic_feet_per_minuteamazon_ept_AirFlowDisplacementUnitOfMeasure,cubic_feet_per_minute,amazon_ept.AirFlowDisplacementUnitOfMeasure
cubic_feet_per_houramazon_ept_AirFlowDisplacementUnitOfMeasure,cubic_feet_per_hour,amazon_ept.AirFlowDisplacementUnitOfMeasure
minutesamazon_ept_BurnTimeUnitOfMeasure,minutes,amazon_ept.BurnTimeUnitOfMeasure
hoursamazon_ept_BurnTimeUnitOfMeasure,hours,amazon_ept.BurnTimeUnitOfMeasure
cycles			amazon_ept_BurnTimeUnitOfMeasure,cycles			,amazon_ept.BurnTimeUnitOfMeasure
MMamazon_ept_LengthUnitOfMeasure,MM,amazon_ept.LengthUnitOfMeasure
CMamazon_ept_LengthUnitOfMeasure,CM,amazon_ept.LengthUnitOfMeasure
Mamazon_ept_LengthUnitOfMeasure,M,amazon_ept.LengthUnitOfMeasure
INamazon_ept_LengthUnitOfMeasure,IN,amazon_ept.LengthUnitOfMeasure
FTamazon_ept_LengthUnitOfMeasure,FT,amazon_ept.LengthUnitOfMeasure
inchesamazon_ept_LengthUnitOfMeasure,inches,amazon_ept.LengthUnitOfMeasure
feetamazon_ept_LengthUnitOfMeasure,feet,amazon_ept.LengthUnitOfMeasure
metersamazon_ept_LengthUnitOfMeasure,meters,amazon_ept.LengthUnitOfMeasure
decimetersamazon_ept_LengthUnitOfMeasure,decimeters,amazon_ept.LengthUnitOfMeasure
centimetersamazon_ept_LengthUnitOfMeasure,centimeters,amazon_ept.LengthUnitOfMeasure
millimetersamazon_ept_LengthUnitOfMeasure,millimeters,amazon_ept.LengthUnitOfMeasure
micrometersamazon_ept_LengthUnitOfMeasure,micrometers,amazon_ept.LengthUnitOfMeasure
nanometersamazon_ept_LengthUnitOfMeasure,nanometers,amazon_ept.LengthUnitOfMeasure
picometersamazon_ept_LengthUnitOfMeasure,picometers,amazon_ept.LengthUnitOfMeasure
lumensamazon_ept_LuminanceUnitOfMeasure,lumens,amazon_ept.LuminanceUnitOfMeasure
candelaamazon_ept_LuminousIntensityUnitOfMeasure,candela,amazon_ept.LuminousIntensityUnitOfMeasure
cubic-cmamazon_ept_VolumeUnitOfMeasure,cubic-cm,amazon_ept.VolumeUnitOfMeasure
cubic-ftamazon_ept_VolumeUnitOfMeasure,cubic-ft,amazon_ept.VolumeUnitOfMeasure
cubic-inamazon_ept_VolumeUnitOfMeasure,cubic-in,amazon_ept.VolumeUnitOfMeasure
cubic-mamazon_ept_VolumeUnitOfMeasure,cubic-m,amazon_ept.VolumeUnitOfMeasure
cubic-ydamazon_ept_VolumeUnitOfMeasure,cubic-yd,amazon_ept.VolumeUnitOfMeasure
cupamazon_ept_VolumeUnitOfMeasure,cup,amazon_ept.VolumeUnitOfMeasure
fluid-ozamazon_ept_VolumeUnitOfMeasure,fluid-oz,amazon_ept.VolumeUnitOfMeasure
gallonamazon_ept_VolumeUnitOfMeasure,gallon,amazon_ept.VolumeUnitOfMeasure
literamazon_ept_VolumeUnitOfMeasure,liter,amazon_ept.VolumeUnitOfMeasure
milliliteramazon_ept_VolumeUnitOfMeasure,milliliter,amazon_ept.VolumeUnitOfMeasure
ounceamazon_ept_VolumeUnitOfMeasure,ounce,amazon_ept.VolumeUnitOfMeasure
pintamazon_ept_VolumeUnitOfMeasure,pint,amazon_ept.VolumeUnitOfMeasure
quartamazon_ept_VolumeUnitOfMeasure,quart,amazon_ept.VolumeUnitOfMeasure
litersamazon_ept_VolumeUnitOfMeasure,liters,amazon_ept.VolumeUnitOfMeasure
decilitersamazon_ept_VolumeUnitOfMeasure,deciliters,amazon_ept.VolumeUnitOfMeasure
centilitersamazon_ept_VolumeUnitOfMeasure,centiliters,amazon_ept.VolumeUnitOfMeasure
millilitersamazon_ept_VolumeUnitOfMeasure,milliliters,amazon_ept.VolumeUnitOfMeasure
microlitersamazon_ept_VolumeUnitOfMeasure,microliters,amazon_ept.VolumeUnitOfMeasure
nanolitersamazon_ept_VolumeUnitOfMeasure,nanoliters,amazon_ept.VolumeUnitOfMeasure
picolitersamazon_ept_VolumeUnitOfMeasure,picoliters,amazon_ept.VolumeUnitOfMeasure
GRamazon_ept_WeightUnitOfMeasure,GR,amazon_ept.WeightUnitOfMeasure
KGamazon_ept_WeightUnitOfMeasure,KG,amazon_ept.WeightUnitOfMeasure
OZamazon_ept_WeightUnitOfMeasure,OZ,amazon_ept.WeightUnitOfMeasure
LBamazon_ept_WeightUnitOfMeasure,LB,amazon_ept.WeightUnitOfMeasure
MGamazon_ept_WeightUnitOfMeasure,MG,amazon_ept.WeightUnitOfMeasure
MMamazon_ept_JewelryLengthUnitOfMeasure,MM,amazon_ept.JewelryLengthUnitOfMeasure
CMamazon_ept_JewelryLengthUnitOfMeasure,CM,amazon_ept.JewelryLengthUnitOfMeasure
INamazon_ept_JewelryLengthUnitOfMeasure,IN,amazon_ept.JewelryLengthUnitOfMeasure
GRamazon_ept_JewelryWeightUnitOfMeasure,GR,amazon_ept.JewelryWeightUnitOfMeasure
KGamazon_ept_JewelryWeightUnitOfMeasure,KG,amazon_ept.JewelryWeightUnitOfMeasure
OZamazon_ept_JewelryWeightUnitOfMeasure,OZ,amazon_ept.JewelryWeightUnitOfMeasure
LBamazon_ept_JewelryWeightUnitOfMeasure,LB,amazon_ept.JewelryWeightUnitOfMeasure
CARATSamazon_ept_JewelryWeightUnitOfMeasure,CARATS,amazon_ept.JewelryWeightUnitOfMeasure
DWTamazon_ept_JewelryWeightUnitOfMeasure,DWT,amazon_ept.JewelryWeightUnitOfMeasure
degreesamazon_ept_DegreeUnitOfMeasure,degrees,amazon_ept.DegreeUnitOfMeasure
microradianamazon_ept_DegreeUnitOfMeasure,microradian,amazon_ept.DegreeUnitOfMeasure
arc_minute			amazon_ept_DegreeUnitOfMeasure,arc_minute			,amazon_ept.DegreeUnitOfMeasure
arc_secamazon_ept_DegreeUnitOfMeasure,arc_sec,amazon_ept.DegreeUnitOfMeasure
milliradianamazon_ept_DegreeUnitOfMeasure,milliradian,amazon_ept.DegreeUnitOfMeasure
radians			amazon_ept_DegreeUnitOfMeasure,radians			,amazon_ept.DegreeUnitOfMeasure
turns				amazon_ept_DegreeUnitOfMeasure,turns				,amazon_ept.DegreeUnitOfMeasure
revolutions				amazon_ept_DegreeUnitOfMeasure,revolutions				,amazon_ept.DegreeUnitOfMeasure
TBamazon_ept_MemorySizeUnitOfMeasure,TB,amazon_ept.MemorySizeUnitOfMeasure
GBamazon_ept_MemorySizeUnitOfMeasure,GB,amazon_ept.MemorySizeUnitOfMeasure
MBamazon_ept_MemorySizeUnitOfMeasure,MB,amazon_ept.MemorySizeUnitOfMeasure
KBamazon_ept_MemorySizeUnitOfMeasure,KB,amazon_ept.MemorySizeUnitOfMeasure
KOamazon_ept_MemorySizeUnitOfMeasure,KO,amazon_ept.MemorySizeUnitOfMeasure
MOamazon_ept_MemorySizeUnitOfMeasure,MO,amazon_ept.MemorySizeUnitOfMeasure
GOamazon_ept_MemorySizeUnitOfMeasure,GO,amazon_ept.MemorySizeUnitOfMeasure
TOamazon_ept_MemorySizeUnitOfMeasure,TO,amazon_ept.MemorySizeUnitOfMeasure
bytesamazon_ept_MemorySizeUnitOfMeasure,bytes,amazon_ept.MemorySizeUnitOfMeasure
Hzamazon_ept_FrequencyUnitOfMeasure,Hz,amazon_ept.FrequencyUnitOfMeasure
KHzamazon_ept_FrequencyUnitOfMeasure,KHz,amazon_ept.FrequencyUnitOfMeasure
MHzamazon_ept_FrequencyUnitOfMeasure,MHz,amazon_ept.FrequencyUnitOfMeasure
GHzamazon_ept_FrequencyUnitOfMeasure,GHz,amazon_ept.FrequencyUnitOfMeasure
ampsamazon_ept_AmperageUnitOfMeasure,amps,amazon_ept.AmperageUnitOfMeasure
kiloampsamazon_ept_AmperageUnitOfMeasure,kiloamps,amazon_ept.AmperageUnitOfMeasure
microampsamazon_ept_AmperageUnitOfMeasure,microamps,amazon_ept.AmperageUnitOfMeasure
milliampsamazon_ept_AmperageUnitOfMeasure,milliamps,amazon_ept.AmperageUnitOfMeasure
nanoampsamazon_ept_AmperageUnitOfMeasure,nanoamps,amazon_ept.AmperageUnitOfMeasure
picoampsamazon_ept_AmperageUnitOfMeasure,picoamps,amazon_ept.AmperageUnitOfMeasure
secamazon_ept_TimeUnitOfMeasure,sec,amazon_ept.TimeUnitOfMeasure
minamazon_ept_TimeUnitOfMeasure,min,amazon_ept.TimeUnitOfMeasure
hramazon_ept_TimeUnitOfMeasure,hr,amazon_ept.TimeUnitOfMeasure
daysamazon_ept_TimeUnitOfMeasure,days,amazon_ept.TimeUnitOfMeasure
hoursamazon_ept_TimeUnitOfMeasure,hours,amazon_ept.TimeUnitOfMeasure
minutesamazon_ept_TimeUnitOfMeasure,minutes,amazon_ept.TimeUnitOfMeasure
secondsamazon_ept_TimeUnitOfMeasure,seconds,amazon_ept.TimeUnitOfMeasure
millisecondsamazon_ept_TimeUnitOfMeasure,milliseconds,amazon_ept.TimeUnitOfMeasure
microsecondsamazon_ept_TimeUnitOfMeasure,microseconds,amazon_ept.TimeUnitOfMeasure
nanosecondsamazon_ept_TimeUnitOfMeasure,nanoseconds,amazon_ept.TimeUnitOfMeasure
picosecondsamazon_ept_TimeUnitOfMeasure,picoseconds,amazon_ept.TimeUnitOfMeasure
minutesamazon_ept_BatteryAverageLifeUnitOfMeasure,minutes,amazon_ept.BatteryAverageLifeUnitOfMeasure
hoursamazon_ept_BatteryAverageLifeUnitOfMeasure,hours,amazon_ept.BatteryAverageLifeUnitOfMeasure
daysamazon_ept_BatteryAverageLifeUnitOfMeasure,days,amazon_ept.BatteryAverageLifeUnitOfMeasure
weeksamazon_ept_BatteryAverageLifeUnitOfMeasure,weeks,amazon_ept.BatteryAverageLifeUnitOfMeasure
monthsamazon_ept_BatteryAverageLifeUnitOfMeasure,months,amazon_ept.BatteryAverageLifeUnitOfMeasure
yearsamazon_ept_BatteryAverageLifeUnitOfMeasure,years,amazon_ept.BatteryAverageLifeUnitOfMeasure
KHzamazon_ept_DataTransferUnitOfMeasure,KHz,amazon_ept.DataTransferUnitOfMeasure
MHzamazon_ept_DataTransferUnitOfMeasure,MHz,amazon_ept.DataTransferUnitOfMeasure
GHzamazon_ept_DataTransferUnitOfMeasure,GHz,amazon_ept.DataTransferUnitOfMeasure
Mbpsamazon_ept_DataTransferUnitOfMeasure,Mbps,amazon_ept.DataTransferUnitOfMeasure
Gbpsamazon_ept_DataTransferUnitOfMeasure,Gbps,amazon_ept.DataTransferUnitOfMeasure
ohmsamazon_ept_ResistanceUnitOfMeasure,ohms,amazon_ept.ResistanceUnitOfMeasure
daysamazon_ept_DateUnitOfMeasure,days,amazon_ept.DateUnitOfMeasure
weeksamazon_ept_DateUnitOfMeasure,weeks,amazon_ept.DateUnitOfMeasure
monthsamazon_ept_DateUnitOfMeasure,months,amazon_ept.DateUnitOfMeasure
yearsamazon_ept_DateUnitOfMeasure,years,amazon_ept.DateUnitOfMeasure
minutesamazon_ept_AssemblyTimeUnitOfMeasure,minutes,amazon_ept.AssemblyTimeUnitOfMeasure
hoursamazon_ept_AssemblyTimeUnitOfMeasure,hours,amazon_ept.AssemblyTimeUnitOfMeasure
daysamazon_ept_AssemblyTimeUnitOfMeasure,days,amazon_ept.AssemblyTimeUnitOfMeasure
weeksamazon_ept_AssemblyTimeUnitOfMeasure,weeks,amazon_ept.AssemblyTimeUnitOfMeasure
monthsamazon_ept_AssemblyTimeUnitOfMeasure,months,amazon_ept.AssemblyTimeUnitOfMeasure
yearsamazon_ept_AssemblyTimeUnitOfMeasure,years,amazon_ept.AssemblyTimeUnitOfMeasure
monthsamazon_ept_AgeRecommendedUnitOfMeasure,months,amazon_ept.AgeRecommendedUnitOfMeasure
yearsamazon_ept_AgeRecommendedUnitOfMeasure,years,amazon_ept.AgeRecommendedUnitOfMeasure
milliamp_hoursamazon_ept_BatteryPowerUnitOfMeasure,milliamp_hours,amazon_ept.BatteryPowerUnitOfMeasure
amp_hoursamazon_ept_BatteryPowerUnitOfMeasure,amp_hours,amazon_ept.BatteryPowerUnitOfMeasure
volt_amperesamazon_ept_BatteryPowerUnitOfMeasure,volt_amperes,amazon_ept.BatteryPowerUnitOfMeasure
watt_hoursamazon_ept_BatteryPowerUnitOfMeasure,watt_hours,amazon_ept.BatteryPowerUnitOfMeasure
voltsamazon_ept_VoltageUnitOfMeasure,volts,amazon_ept.VoltageUnitOfMeasure
millivoltsamazon_ept_VoltageUnitOfMeasure,millivolts,amazon_ept.VoltageUnitOfMeasure
microvoltsamazon_ept_VoltageUnitOfMeasure,microvolts,amazon_ept.VoltageUnitOfMeasure
nanovoltsamazon_ept_VoltageUnitOfMeasure,nanovolts,amazon_ept.VoltageUnitOfMeasure
kilovolts			amazon_ept_VoltageUnitOfMeasure,kilovolts			,amazon_ept.VoltageUnitOfMeasure
wattsamazon_ept_WattageUnitOfMeasure,watts,amazon_ept.WattageUnitOfMeasure
kilowatts			amazon_ept_WattageUnitOfMeasure,kilowatts			,amazon_ept.WattageUnitOfMeasure
millimetersamazon_ept_MillimeterUnitOfMeasure,millimeters,amazon_ept.MillimeterUnitOfMeasure
degrees-celsiusamazon_ept_TemperatureRatingUnitOfMeasure,degrees-celsius,amazon_ept.TemperatureRatingUnitOfMeasure
degrees-fahrenheitamazon_ept_TemperatureRatingUnitOfMeasure,degrees-fahrenheit,amazon_ept.TemperatureRatingUnitOfMeasure
kelvinamazon_ept_TemperatureRatingUnitOfMeasure,kelvin,amazon_ept.TemperatureRatingUnitOfMeasure
INamazon_ept_ClothingSizeUnitOfMeasure,IN,amazon_ept.ClothingSizeUnitOfMeasure
CMamazon_ept_ClothingSizeUnitOfMeasure,CM,amazon_ept.ClothingSizeUnitOfMeasure
wattsamazon_ept_PowerUnitOfMeasure,watts,amazon_ept.PowerUnitOfMeasure
kilowattsamazon_ept_PowerUnitOfMeasure,kilowatts,amazon_ept.PowerUnitOfMeasure
horsepoweramazon_ept_PowerUnitOfMeasure,horsepower,amazon_ept.PowerUnitOfMeasure
watts-per-secamazon_ept_PowerUnitOfMeasure,watts-per-sec,amazon_ept.PowerUnitOfMeasure
megapixelsamazon_ept_ResolutionUnitOfMeasure,megapixels,amazon_ept.ResolutionUnitOfMeasure
pixelsamazon_ept_ResolutionUnitOfMeasure,pixels,amazon_ept.ResolutionUnitOfMeasure
lines_per_inchamazon_ept_ResolutionUnitOfMeasure,lines_per_inch,amazon_ept.ResolutionUnitOfMeasure
famazon_ept_ApertureUnitOfMeasure,f,amazon_ept.ApertureUnitOfMeasure
framesamazon_ept_ContinuousShootingUnitOfMeasure,frames,amazon_ept.ContinuousShootingUnitOfMeasure
kilowatt_hoursamazon_ept_EnergyConsumptionUnitOfMeasure,kilowatt_hours,amazon_ept.EnergyConsumptionUnitOfMeasure
btuamazon_ept_EnergyConsumptionUnitOfMeasure,btu,amazon_ept.EnergyConsumptionUnitOfMeasure
kilowattsamazon_ept_EnergyConsumptionUnitOfMeasure,kilowatts,amazon_ept.EnergyConsumptionUnitOfMeasure
watt_hoursamazon_ept_EnergyConsumptionUnitOfMeasure,watt_hours,amazon_ept.EnergyConsumptionUnitOfMeasure
mAamazon_ept_CurrentUnitOfMeasure,mA,amazon_ept.CurrentUnitOfMeasure
Aamazon_ept_CurrentUnitOfMeasure,A,amazon_ept.CurrentUnitOfMeasure
newtonsamazon_ept_ForceUnitOfMeasure,newtons,amazon_ept.ForceUnitOfMeasure
Newtonamazon_ept_ForceUnitOfMeasure,Newton,amazon_ept.ForceUnitOfMeasure
poundsamazon_ept_ForceUnitOfMeasure,pounds,amazon_ept.ForceUnitOfMeasure
kilogramsamazon_ept_ForceUnitOfMeasure,kilograms,amazon_ept.ForceUnitOfMeasure
PSIamazon_ept_ForceUnitOfMeasure,PSI,amazon_ept.ForceUnitOfMeasure
brinnellamazon_ept_HardnessUnitOfMeasure,brinnell,amazon_ept.HardnessUnitOfMeasure
vickersamazon_ept_HardnessUnitOfMeasure,vickers,amazon_ept.HardnessUnitOfMeasure
rockwell_aamazon_ept_HardnessUnitOfMeasure,rockwell_a,amazon_ept.HardnessUnitOfMeasure
rockwell_bamazon_ept_HardnessUnitOfMeasure,rockwell_b,amazon_ept.HardnessUnitOfMeasure
rockwell_camazon_ept_HardnessUnitOfMeasure,rockwell_c,amazon_ept.HardnessUnitOfMeasure
rockwell_damazon_ept_HardnessUnitOfMeasure,rockwell_d,amazon_ept.HardnessUnitOfMeasure
shore_aamazon_ept_HardnessUnitOfMeasure,shore_a,amazon_ept.HardnessUnitOfMeasure
shore_bamazon_ept_HardnessUnitOfMeasure,shore_b,amazon_ept.HardnessUnitOfMeasure
shore_camazon_ept_HardnessUnitOfMeasure,shore_c,amazon_ept.HardnessUnitOfMeasure
shore_damazon_ept_HardnessUnitOfMeasure,shore_d,amazon_ept.HardnessUnitOfMeasure
shore_doamazon_ept_HardnessUnitOfMeasure,shore_do,amazon_ept.HardnessUnitOfMeasure
shore_eamazon_ept_HardnessUnitOfMeasure,shore_e,amazon_ept.HardnessUnitOfMeasure
shore_mamazon_ept_HardnessUnitOfMeasure,shore_m,amazon_ept.HardnessUnitOfMeasure
shore_oamazon_ept_HardnessUnitOfMeasure,shore_o,amazon_ept.HardnessUnitOfMeasure
shore_ooamazon_ept_HardnessUnitOfMeasure,shore_oo,amazon_ept.HardnessUnitOfMeasure
shore_oooamazon_ept_HardnessUnitOfMeasure,shore_ooo,amazon_ept.HardnessUnitOfMeasure
shore_ooo_samazon_ept_HardnessUnitOfMeasure,shore_ooo_s,amazon_ept.HardnessUnitOfMeasure
dBAamazon_ept_NoiseLevelUnitOfMeasure,dBA,amazon_ept.NoiseLevelUnitOfMeasure
decibelsamazon_ept_NoiseLevelUnitOfMeasure,decibels,amazon_ept.NoiseLevelUnitOfMeasure
sun_protection_factoramazon_ept_SunProtectionUnitOfMeasure,sun_protection_factor,amazon_ept.SunProtectionUnitOfMeasure
Camazon_ept_TemperatureUnitOfMeasure,C,amazon_ept.TemperatureUnitOfMeasure
Famazon_ept_TemperatureUnitOfMeasure,F,amazon_ept.TemperatureUnitOfMeasure
foot-lbsamazon_ept_TorqueUnitOfMeasure,foot-lbs,amazon_ept.TorqueUnitOfMeasure
inch-lbsamazon_ept_TorqueUnitOfMeasure,inch-lbs,amazon_ept.TorqueUnitOfMeasure
centimeter_kilogramsamazon_ept_TorqueUnitOfMeasure,centimeter_kilograms,amazon_ept.TorqueUnitOfMeasure
foot_poundsamazon_ept_TorqueUnitOfMeasure,foot_pounds,amazon_ept.TorqueUnitOfMeasure
inch_ouncesamazon_ept_TorqueUnitOfMeasure,inch_ounces,amazon_ept.TorqueUnitOfMeasure
inch_poundsamazon_ept_TorqueUnitOfMeasure,inch_pounds,amazon_ept.TorqueUnitOfMeasure
kilonewtonsamazon_ept_TorqueUnitOfMeasure,kilonewtons,amazon_ept.TorqueUnitOfMeasure
kilograms_per_millimeteramazon_ept_TorqueUnitOfMeasure,kilograms_per_millimeter,amazon_ept.TorqueUnitOfMeasure
newton_metersamazon_ept_TorqueUnitOfMeasure,newton_meters,amazon_ept.TorqueUnitOfMeasure
newton_millimetersamazon_ept_TorqueUnitOfMeasure,newton_millimeters,amazon_ept.TorqueUnitOfMeasure
newtonsamazon_ept_TorqueUnitOfMeasure,newtons,amazon_ept.TorqueUnitOfMeasure
milliliters per secondamazon_ept_VolumeRateUnitOfMeasure,milliliters per second,amazon_ept.VolumeRateUnitOfMeasure
centiliters per secondamazon_ept_VolumeRateUnitOfMeasure,centiliters per second,amazon_ept.VolumeRateUnitOfMeasure
liters per secondamazon_ept_VolumeRateUnitOfMeasure,liters per second,amazon_ept.VolumeRateUnitOfMeasure
milliliters per minuteamazon_ept_VolumeRateUnitOfMeasure,milliliters per minute,amazon_ept.VolumeRateUnitOfMeasure
liters per minuteamazon_ept_VolumeRateUnitOfMeasure,liters per minute,amazon_ept.VolumeRateUnitOfMeasure
microliters per secondamazon_ept_VolumeRateUnitOfMeasure,microliters per second,amazon_ept.VolumeRateUnitOfMeasure
nanoliters per secondamazon_ept_VolumeRateUnitOfMeasure,nanoliters per second,amazon_ept.VolumeRateUnitOfMeasure
picoliters per secondamazon_ept_VolumeRateUnitOfMeasure,picoliters per second,amazon_ept.VolumeRateUnitOfMeasure
microliters per minuteamazon_ept_VolumeRateUnitOfMeasure,microliters per minute,amazon_ept.VolumeRateUnitOfMeasure
nanoliters per minuteamazon_ept_VolumeRateUnitOfMeasure,nanoliters per minute,amazon_ept.VolumeRateUnitOfMeasure
picoliters per minuteamazon_ept_VolumeRateUnitOfMeasure,picoliters per minute,amazon_ept.VolumeRateUnitOfMeasure
gallons_per_dayamazon_ept_VolumeRateUnitOfMeasure,gallons_per_day,amazon_ept.VolumeRateUnitOfMeasure
liters_per_dayamazon_ept_VolumeRateUnitOfMeasure,liters_per_day,amazon_ept.VolumeRateUnitOfMeasure
liters			amazon_ept_VolumeRateUnitOfMeasure,liters			,amazon_ept.VolumeRateUnitOfMeasure
cubic_centimetersamazon_ept_CapacityUnitMeasure,cubic_centimeters,amazon_ept.CapacityUnitMeasure
cubic_feetamazon_ept_CapacityUnitMeasure,cubic_feet,amazon_ept.CapacityUnitMeasure
cubic_inchesamazon_ept_CapacityUnitMeasure,cubic_inches,amazon_ept.CapacityUnitMeasure
cubic_metersamazon_ept_CapacityUnitMeasure,cubic_meters,amazon_ept.CapacityUnitMeasure
cubic_yardsamazon_ept_CapacityUnitMeasure,cubic_yards,amazon_ept.CapacityUnitMeasure
cupsamazon_ept_CapacityUnitMeasure,cups,amazon_ept.CapacityUnitMeasure
fluid_ouncesamazon_ept_CapacityUnitMeasure,fluid_ounces,amazon_ept.CapacityUnitMeasure
gallonsamazon_ept_CapacityUnitMeasure,gallons,amazon_ept.CapacityUnitMeasure
imperial_gallonsamazon_ept_CapacityUnitMeasure,imperial_gallons,amazon_ept.CapacityUnitMeasure
litersamazon_ept_CapacityUnitMeasure,liters,amazon_ept.CapacityUnitMeasure
millilitersamazon_ept_CapacityUnitMeasure,milliliters,amazon_ept.CapacityUnitMeasure
ouncesamazon_ept_CapacityUnitMeasure,ounces,amazon_ept.CapacityUnitMeasure
pintsamazon_ept_CapacityUnitMeasure,pints,amazon_ept.CapacityUnitMeasure
quartsamazon_ept_CapacityUnitMeasure,quarts,amazon_ept.CapacityUnitMeasure
decilitersamazon_ept_CapacityUnitMeasure,deciliters,amazon_ept.CapacityUnitMeasure
centilitersamazon_ept_CapacityUnitMeasure,centiliters,amazon_ept.CapacityUnitMeasure
microlitersamazon_ept_CapacityUnitMeasure,microliters,amazon_ept.CapacityUnitMeasure
nanolitersamazon_ept_CapacityUnitMeasure,nanoliters,amazon_ept.CapacityUnitMeasure
picolitersamazon_ept_CapacityUnitMeasure,picoliters,amazon_ept.CapacityUnitMeasure
gramsamazon_ept_CapacityUnitMeasure,grams,amazon_ept.CapacityUnitMeasure
kilogramsamazon_ept_CapacityUnitMeasure,kilograms,amazon_ept.CapacityUnitMeasure
ouncesamazon_ept_CapacityUnitMeasure,ounces,amazon_ept.CapacityUnitMeasure
poundsamazon_ept_CapacityUnitMeasure,pounds,amazon_ept.CapacityUnitMeasure
milligramsamazon_ept_CapacityUnitMeasure,milligrams,amazon_ept.CapacityUnitMeasure
adult_usamazon_ept_BootSizeUnitOfMeasure,adult_us,amazon_ept.BootSizeUnitOfMeasure
CMamazon_ept_CycleLengthUnitOfMeasure,CM,amazon_ept.CycleLengthUnitOfMeasure
INamazon_ept_CycleLengthUnitOfMeasure,IN,amazon_ept.CycleLengthUnitOfMeasure
CMamazon_ept_NeckSizeUnitOfMeasure,CM,amazon_ept.NeckSizeUnitOfMeasure
INamazon_ept_NeckSizeUnitOfMeasure,IN,amazon_ept.NeckSizeUnitOfMeasure
MMamazon_ept_NeckSizeUnitOfMeasure,MM,amazon_ept.NeckSizeUnitOfMeasure
Mamazon_ept_NeckSizeUnitOfMeasure,M,amazon_ept.NeckSizeUnitOfMeasure
FTamazon_ept_NeckSizeUnitOfMeasure,FT,amazon_ept.NeckSizeUnitOfMeasure
multiplier_xamazon_ept_MagnificationUnitOfMeasure,multiplier_x,amazon_ept.MagnificationUnitOfMeasure
dioptersamazon_ept_MagnificationUnitOfMeasure,diopters,amazon_ept.MagnificationUnitOfMeasure
percent_by_volumeamazon_ept_AlcoholContentUnitOfMeasure,percent_by_volume,amazon_ept.AlcoholContentUnitOfMeasure
percent_by_weightamazon_ept_AlcoholContentUnitOfMeasure,percent_by_weight,amazon_ept.AlcoholContentUnitOfMeasure
unit_of_alcoholamazon_ept_AlcoholContentUnitOfMeasure,unit_of_alcohol,amazon_ept.AlcoholContentUnitOfMeasure
tonsamazon_ept_VineyardYieldUnitOfMeasure,tons,amazon_ept.VineyardYieldUnitOfMeasure
brixamazon_ept_SweetnessAtHarvestUnitOfMeasure,brix,amazon_ept.SweetnessAtHarvestUnitOfMeasure
feet_per_minuteamazon_ept_SpeedUnitOfMeasure,feet_per_minute,amazon_ept.SpeedUnitOfMeasure
miles_per_houramazon_ept_SpeedUnitOfMeasure,miles_per_hour,amazon_ept.SpeedUnitOfMeasure
kilometers_per_houramazon_ept_SpeedUnitOfMeasure,kilometers_per_hour,amazon_ept.SpeedUnitOfMeasure
RPMamazon_ept_SpeedUnitOfMeasure,RPM,amazon_ept.SpeedUnitOfMeasure
RPSamazon_ept_SpeedUnitOfMeasure,RPS,amazon_ept.SpeedUnitOfMeasure
meters per secondamazon_ept_SpeedUnitOfMeasure,meters per second,amazon_ept.SpeedUnitOfMeasure
centimeters per secondamazon_ept_SpeedUnitOfMeasure,centimeters per second,amazon_ept.SpeedUnitOfMeasure
millimeters per secondamazon_ept_SpeedUnitOfMeasure,millimeters per second,amazon_ept.SpeedUnitOfMeasure
BTUamazon_ept_EnergyUnitOfMeasure,BTU,amazon_ept.EnergyUnitOfMeasure
wattsamazon_ept_EnergyUnitOfMeasure,watts,amazon_ept.EnergyUnitOfMeasure
joulesamazon_ept_EnergyUnitOfMeasure,joules,amazon_ept.EnergyUnitOfMeasure
kilojoulesamazon_ept_EnergyUnitOfMeasure,kilojoules,amazon_ept.EnergyUnitOfMeasure
ResolvingPowerUnitOfMeasure_arcs,arcs-per-sec,amazon_ept.ResolvingPowerUnitOfMeasure
arc*sec_dawes_limit_unit_measure,arc*sec,amazon_ept.DawesLimitUnitOfMeasure
CID_1,CID,amazon_ept.EngineDisplacement_uom
CID_2,1,amazon_ept.EngineDisplacement_uom
CID_3,cc,amazon_ept.EngineDisplacement_uom
kilo2,kilometer,amazon_ept.MaximumPitchSpeed_uom
kilo3,mph,amazon_ept.MaximumPitchSpeed_uom
psi_amazon,psi,amazon_ept.ShearStrengthUnitOfMeasure
Pixels_12,pixels,amazon_ept.PixelUnitOfMeasure
MP_12321,MP,amazon_ept.PixelUnitOfMeasure
xxxq22,x,amazon_ept.ZoomUnitOfMeasure
Bars_12,bars,amazon_ept.PressureUnitOfMeasure
Bars_13,psi,amazon_ept.PressureUnitOfMeasure
Bars_14,pascal,amazon_ept.PressureUnitOfMeasure
milliliters per secondand_rate,milliliters per second,amazon_ept.VolumeAndVolumeRateUnitOfMeasure
centiliters per secondand_rate,centiliters per second,amazon_ept.VolumeAndVolumeRateUnitOfMeasure
liters per secondand_rate,liters per second,amazon_ept.VolumeAndVolumeRateUnitOfMeasure
milliliters per minuteand_rate,milliliters per minute,amazon_ept.VolumeAndVolumeRateUnitOfMeasure
liters per minuteand_rate,liters per minute,amazon_ept.VolumeAndVolumeRateUnitOfMeasure
microliters per secondand_rate,microliters per second,amazon_ept.VolumeAndVolumeRateUnitOfMeasure
nanoliters per secondand_rate,nanoliters per second,amazon_ept.VolumeAndVolumeRateUnitOfMeasure
picoliters per secondand_rate,picoliters per second,amazon_ept.VolumeAndVolumeRateUnitOfMeasure
microliters per minuteand_rate,microliters per minute,amazon_ept.VolumeAndVolumeRateUnitOfMeasure
nanoliters per minuteand_rate,nanoliters per minute,amazon_ept.VolumeAndVolumeRateUnitOfMeasure
picoliters per minuteand_rate,picoliters per minute,amazon_ept.VolumeAndVolumeRateUnitOfMeasure
gallons_per_dayand_rate,gallons_per_day,amazon_ept.VolumeAndVolumeRateUnitOfMeasure
liters_per_dayand_rate,liters_per_day,amazon_ept.VolumeAndVolumeRateUnitOfMeasure
liters			and_rate,liters			,amazon_ept.VolumeAndVolumeRateUnitOfMeasure
cubic-cmand_rate,cubic-cm,amazon_ept.VolumeAndVolumeRateUnitOfMeasure
cubic-ftand_rate,cubic-ft,amazon_ept.VolumeAndVolumeRateUnitOfMeasure
cubic-inand_rate,cubic-in,amazon_ept.VolumeAndVolumeRateUnitOfMeasure
cubic-mand_rate,cubic-m,amazon_ept.VolumeAndVolumeRateUnitOfMeasure
cubic-ydand_rate,cubic-yd,amazon_ept.VolumeAndVolumeRateUnitOfMeasure
cupand_rate,cup,amazon_ept.VolumeAndVolumeRateUnitOfMeasure
fluid-ozand_rate,fluid-oz,amazon_ept.VolumeAndVolumeRateUnitOfMeasure
gallonand_rate,gallon,amazon_ept.VolumeAndVolumeRateUnitOfMeasure
literand_rate,liter,amazon_ept.VolumeAndVolumeRateUnitOfMeasure
milliliterand_rate,milliliter,amazon_ept.VolumeAndVolumeRateUnitOfMeasure
ounceand_rate,ounce,amazon_ept.VolumeAndVolumeRateUnitOfMeasure
pintand_rate,pint,amazon_ept.VolumeAndVolumeRateUnitOfMeasure
quartand_rate,quart,amazon_ept.VolumeAndVolumeRateUnitOfMeasure
litersand_rate,liters,amazon_ept.VolumeAndVolumeRateUnitOfMeasure
decilitersand_rate,deciliters,amazon_ept.VolumeAndVolumeRateUnitOfMeasure
centilitersand_rate,centiliters,amazon_ept.VolumeAndVolumeRateUnitOfMeasure
millilitersand_rate,milliliters,amazon_ept.VolumeAndVolumeRateUnitOfMeasure
microlitersand_rate,microliters,amazon_ept.VolumeAndVolumeRateUnitOfMeasure
nanolitersand_rate,nanoliters,amazon_ept.VolumeAndVolumeRateUnitOfMeasure
picolitersand_rate,picoliters,amazon_ept.VolumeAndVolumeRateUnitOfMeasure
MMgua_int,MM,amazon_ept.GraduationIntervalUnitOfMeasure
CMgua_int,CM,amazon_ept.GraduationIntervalUnitOfMeasure
Mgua_int,M,amazon_ept.GraduationIntervalUnitOfMeasure
INgua_int,IN,amazon_ept.GraduationIntervalUnitOfMeasure
FTgua_int,FT,amazon_ept.GraduationIntervalUnitOfMeasure
inchesgua_int,inches,amazon_ept.GraduationIntervalUnitOfMeasure
feetgua_int,feet,amazon_ept.GraduationIntervalUnitOfMeasure
metersgua_int,meters,amazon_ept.GraduationIntervalUnitOfMeasure
decimetersgua_int,decimeters,amazon_ept.GraduationIntervalUnitOfMeasure
centimetersgua_int,centimeters,amazon_ept.GraduationIntervalUnitOfMeasure
millimetersgua_int,millimeters,amazon_ept.GraduationIntervalUnitOfMeasure
micrometersgua_int,micrometers,amazon_ept.GraduationIntervalUnitOfMeasure
nanometersgua_int,nanometers,amazon_ept.GraduationIntervalUnitOfMeasure
picometersgua_int,picometers,amazon_ept.GraduationIntervalUnitOfMeasure
cubic-cmgua_int,cubic-cm,amazon_ept.GraduationIntervalUnitOfMeasure
cubic-ftgua_int,cubic-ft,amazon_ept.GraduationIntervalUnitOfMeasure
cubic-ingua_int,cubic-in,amazon_ept.GraduationIntervalUnitOfMeasure
cubic-mgua_int,cubic-m,amazon_ept.GraduationIntervalUnitOfMeasure
cubic-ydgua_int,cubic-yd,amazon_ept.GraduationIntervalUnitOfMeasure
cupgua_int,cup,amazon_ept.GraduationIntervalUnitOfMeasure
fluid-ozgua_int,fluid-oz,amazon_ept.GraduationIntervalUnitOfMeasure
gallongua_int,gallon,amazon_ept.GraduationIntervalUnitOfMeasure
litergua_int,liter,amazon_ept.GraduationIntervalUnitOfMeasure
millilitergua_int,milliliter,amazon_ept.GraduationIntervalUnitOfMeasure
ouncegua_int,ounce,amazon_ept.GraduationIntervalUnitOfMeasure
pintgua_int,pint,amazon_ept.GraduationIntervalUnitOfMeasure
quartgua_int,quart,amazon_ept.GraduationIntervalUnitOfMeasure
litersgua_int,liters,amazon_ept.GraduationIntervalUnitOfMeasure
decilitersgua_int,deciliters,amazon_ept.GraduationIntervalUnitOfMeasure
centilitersgua_int,centiliters,amazon_ept.GraduationIntervalUnitOfMeasure
millilitersgua_int,milliliters,amazon_ept.GraduationIntervalUnitOfMeasure
microlitersgua_int,microliters,amazon_ept.GraduationIntervalUnitOfMeasure
nanolitersgua_int,nanoliters,amazon_ept.GraduationIntervalUnitOfMeasure
picolitersgua_int,picoliters,amazon_ept.GraduationIntervalUnitOfMeasure
GRgua_int,GR,amazon_ept.GraduationIntervalUnitOfMeasure
KGgua_int,KG,amazon_ept.GraduationIntervalUnitOfMeasure
OZgua_int,OZ,amazon_ept.GraduationIntervalUnitOfMeasure
LBgua_int,LB,amazon_ept.GraduationIntervalUnitOfMeasure
MGgua_int,MG,amazon_ept.GraduationIntervalUnitOfMeasure
btus_energy_outout_unit_of_measure,btus,amazon_ept.MaxEnergyOutputUnitOfMeasure
micrometer_filter_pure_size,micrometer,amazon_ept.FilterPoreSizeUnitOfMeasure
pounds_ice_capacity,pounds,amazon_ept.IceCapacityUnitOfMeasure
MaxRotationSpeedUnitOfMeasure_rom,rpm,amazon_ept.MaxRotationSpeedUnitOfMeasure
unknown_modifierunknown,unknown_modifier,amazon_ept.UnknownOpticalUnitOfMeasure
dioptersunknown,diopters,amazon_ept.UnknownOpticalUnitOfMeasure
kbpsdata_transfer,kbps,amazon_ept.DataTransferSpeedUnitOfMeasure
mbpsdata_transfer,mbps,amazon_ept.DataTransferSpeedUnitOfMeasure
gbpsdata_transfer,gbps,amazon_ept.DataTransferSpeedUnitOfMeasure
PPS_table_rate_unit_of_measure,PPS,amazon_ept.TabletDataRateUnitOfMeasure
lpi_TabletResolutionUnitOfMeasure,lpi,amazon_ept.TabletResolutionUnitOfMeasure
bits_memory_interface_unit_of_measure,bits,amazon_ept.MemoryInterfaceUnitOfMeasure
cfm_air_flow_uom_ept,CFM,amazon_ept.AirflowUnitOfMeasure
levels_unit_of_measure_pressure,levels,amazon_ept.PressureLevelUnitOfMeasure
